{"type":"*errordef.dockerDesktopError","component":"backend","originalError":{"type":"*errors.fundamental","description":"checking compatibility: required compatibility check: Virtualization support","stacktrace":["github.com/docker/pinata/common/pkg/errordef.helper.Wrap\n\tgithub.com/docker/pinata/common/pkg/errordef/helper.go:51","main.earlyExitChecks\n\tgithub.com/docker/pinata/common/cmd/com.docker.backend/backend.go:278","main.runBackend\n\tgithub.com/docker/pinata/common/cmd/com.docker.backend/backend.go:64","main.main\n\tgithub.com/docker/pinata/common/cmd/com.docker.backend/main.go:18","runtime.main\n\truntime/proc.go:271","runtime.goexit\n\truntime/asm_amd64.s:1695"]},"creationTime":1732273007242945526,"creationFile":"common/cmd/com.docker.backend/backend.go","creationLine":278,"wrappedError":{"type":"*errordef.dockerDesktopError","component":"compatibility","originalError":{"type":"*errors.errorString","description":"required compatibility check: Virtualization support"},"recovery":{"title":"Virtualization support","message":"KVM is not enabled on host, see https://docs.docker.com/desktop/install/linux-install/#kvm-virtualization-support on how to configure it","actions":["Quit"]},"creationTime":1732273007242937525,"creationFile":"common/cmd/com.docker.backend/misc.go","creationLine":56}}