{
  "AcceptCanaryUpdates": false,
  "ActiveOrganizationName": "",
  "AllowBetaFeatures": true,
  "AllowExperimentalFeatures": true,
  "AnalyticsEnabled": true,
  "AutoDownloadUpdates": false,
  "AutoPauseTimedActivitySeconds": 30,
  "AutoPauseTimeoutSeconds": 300,
  "AutoStart": false,
  "BackupData": false,
  "BlockDockerLoad": false,
  "ContainerTerminal": "integrated",
  "ContainersOverrideProxyExclude": "",
  "ContainersOverrideProxyHTTP": "",
  "ContainersOverrideProxyHTTPS": "",
  "ContainersOverrideProxyPAC": "",
  "ContainersOverrideProxyTCP": "",
  "ContainersOverrideProxyTransparentPorts": "80,443",
  "ContainersProxyHTTPMode": "",
  "Cpus": 4,
  "CredentialHelper": "docker-credential-pass",
  "CustomWslDistroDir": "",
  "DataFolder": "<HOME>/.docker/desktop/vms/0/data",
  "DefaultSnapshotter": "overlayfs",
  "DeprecatedCgroupv1": false,
  "DesktopTerminalEnabled": false,
  "DevEnvironmentsEnabled": false,
  "DisableHardwareAcceleration": false,
  "DisableUpdate": false,
  "DiskFlush": "os",
  "DiskSizeMiB": 65536,
  "DiskStats": "",
  "DiskTRIM": true,
  "DisplayRestartDialog": true,
  "DisplayedElectronPopup": [],
  "DisplayedOnboarding": false,
  "DockerBinInstallPath": "system",
  "DockerDebugDefaultEnabled": false,
  "DogfoodFeatureFlagsEnabled": false,
  "ECIDockerSocketAllowDerivedImages": true,
  "ECIDockerSocketCmdList": [],
  "ECIDockerSocketCmdListType": "deny",
  "ECIDockerSocketImgList": [],
  "EnableDefaultDockerSocket": true,
  "EnableIntegrityCheck": true,
  "EnableSegmentDebug": false,
  "EnableWasmShims": false,
  "EnhancedContainerIsolation": false,
  "ExposeDockerAPIOnTCP2375": false,
  "ExtensionsEnabled": true,
  "ExtensionsPrivateMarketplace": false,
  "ExtensionsPrivateMarketplaceAdminContactURL": "",
  "FilesharingDirectories": [
    "/home"
  ],
  "HostNetworkingEnabled": false,
  "IPv4Only": false,
  "IPv6Only": false,
  "KernelForUDP": false,
  "KubernetesEnabled": false,
  "KubernetesImagesRepository": "",
  "KubernetesInitialInstallPerformed": false,
  "KubernetesMode": "kubeadm",
  "KubernetesNodesCount": 0,
  "LastLoginDate": 0,
  "LatestBannerKey": "",
  "LicenseTermsVersion": 0,
  "LifecycleTimeoutSeconds": 600,
  "MemoryMiB": 1984,
  "NetworkType": "qemu",
  "OnlyMarketplaceExtensions": true,
  "OpenUIOnStartupDisabled": false,
  "OverrideProxyExclude": "",
  "OverrideProxyHTTP": "",
  "OverrideProxyHTTPS": "",
  "OverrideProxyPAC": "",
  "OverrideProxyTCP": "",
  "OverrideWindowsDockerdPort": -1,
  "ProxyEnableKerberosNTLM": false,
  "ProxyHTTPMode": "system",
  "ProxyLocalhostPort": 0,
  "RequireVmnetd": true,
  "SbomIndexing": true,
  "ScoutNotificationPopupsEnabled": true,
  "ScoutOsNotificationsEnabled": false,
  "SettingsVersion": 40,
  "ShowAnnouncementNotifications": true,
  "ShowExtensionsSystemContainers": false,
  "ShowGeneralNotifications": true,
  "ShowInstallScreen": true,
  "ShowKubernetesSystemContainers": false,
  "ShowPromotionalNotifications": true,
  "ShowSurveyNotifications": true,
  "SocksProxyPort": 0,
  "SwapMiB": 1024,
  "SynchronizedDirectories": [],
  "TerminalFontFamily": "",
  "TerminalFontSize": 0,
  "ThemeSource": "system",
  "UpdateAvailableTime": 0,
  "UpdateHostsFile": false,
  "UpdateInstallTime": 0,
  "UseBackgroundIndexing": false,
  "UseContainerdSnapshotter": false,
  "UseCredentialHelper": true,
  "UseGrpcfuse": true,
  "UseNightlyBuildUpdates": false,
  "UseResourceSaver": true,
  "UseVirtualizationFrameworkVirtioFS": true,
  "UseVpnkit": false,
  "VpnKitAllowedBindAddresses": "0.0.0.0",
  "VpnKitMTU": 1500,
  "VpnKitMaxConnections": 2000,
  "VpnKitMaxPortIdleTime": 300,
  "VpnKitTransparentProxy": true,
  "VpnkitCIDR": "192.168.65.0/24",
  "WslEnableGrpcfuse": false,
  "WslInstallMode": "installLatestWsl"
}
