{
  "date_local": "2024-11-22 11:19:07.58330024 +0000 UTC",
  "date_utc": "2024-11-22 11:19:07.58330024 +0000 UTC",
  "date_unix": 1732274347,
  "os_arch": "amd64",
  "os_name": "linux",
  "os_variant": "Ubuntu",
  "os_version": "22.04.5 LTS (Jammy Jellyfish)",
  "os_kernel_version": "5.15.0-125-generic",
  "os_build_number": "",
  "time_boot": "2024-11-21 13:24:42 +0000 UTC",
  "time_up_seconds": 78865,
  "hypervisor_status": "",
  "virt_system": "unknown",
  "mem_total": 8322969600,
  "mem_free": 3218747392,
  "cpu_cores": 0,
  "cpu_threads": 4,
  "cpu_family": "6",
  "cpu_model": "61",
  "cpu_stepping": "2",
  "cpu_name": "Intel Core Processor (Broadwell, no TSX, IBRS)",
  "cpu_flags": [
    "fpu",
    "vme",
    "de",
    "pse",
    "tsc",
    "msr",
    "pae",
    "mce",
    "cx8",
    "apic",
    "sep",
    "mtrr",
    "pge",
    "mca",
    "cmov",
    "pat",
    "pse36",
    "clflush",
    "mmx",
    "fxsr",
    "sse",
    "sse2",
    "syscall",
    "nx",
    "rdtscp",
    "lm",
    "constant_tsc",
    "rep_good",
    "nopl",
    "xtopology",
    "cpuid",
    "tsc_known_freq",
    "pni",
    "pclmulqdq",
    "ssse3",
    "fma",
    "cx16",
    "pcid",
    "sse4_1",
    "sse4_2",
    "x2apic",
    "movbe",
    "popcnt",
    "tsc_deadline_timer",
    "aes",
    "xsave",
    "avx",
    "f16c",
    "rdrand",
    "hypervisor",
    "lahf_lm",
    "abm",
    "3dnowprefetch",
    "cpuid_fault",
    "invpcid_single",
    "pti",
    "ibrs",
    "ibpb",
    "fsgsbase",
    "bmi1",
    "avx2",
    "smep",
    "bmi2",
    "erms",
    "invpcid",
    "rdseed",
    "adx",
    "smap",
    "xsaveopt",
    "arat"
  ]
}
